"LOCATION","INDICATOR","SUBJECT","MEASURE","FREQUENCY","TIME","Value","Flag Codes"
"AUS","PASSTRANSP","ROAD","MLN_PKM","A","1998",246481.42055457,
"AUS","PASSTRANSP","ROAD","MLN_PKM","A","1999",251919.06806397,
"AUS","PASSTRANSP","ROAD","MLN_PKM","A","2000",256806.08421725,
"AUS","PASSTRANSP","ROAD","MLN_PKM","A","2001",254426.90177657,
"AUS","PASSTRANSP","ROAD","MLN_PKM","A","2002",260519.1862561,
"AUS","PASSTRANSP","ROAD","MLN_PKM","A","2003",267143.38190997,
"AUS","PASSTRANSP","ROAD","MLN_PKM","A","2004",279135.62501935,
"AUS","PASSTRANSP","ROAD","MLN_PKM","A","2005",279904.61737105,
"AUS","PASSTRANSP","ROAD","MLN_PKM","A","2006",275480.52842749,
"AUS","PASSTRANSP","ROAD","MLN_PKM","A","2007",278956.61243652,
"AUS","PASSTRANSP","ROAD","MLN_PKM","A","2008",280755.51153837,
"AUS","PASSTRANSP","ROAD","MLN_PKM","A","2009",279946.68316454,
"AUS","PASSTRANSP","ROAD","MLN_PKM","A","2010",281770.08650229,
"AUS","PASSTRANSP","ROAD","MLN_PKM","A","2011",284788.79820055,
"AUS","PASSTRANSP","ROAD","MLN_PKM","A","2012",287595.20072479,
"AUS","PASSTRANSP","ROAD","MLN_PKM","A","2013",293369.30220828,
"AUS","PASSTRANSP","ROAD","MLN_PKM","A","2014",297943.89901031,
"AUS","PASSTRANSP","ROAD","MLN_PKM","A","2015",301444.63861019,
"AUS","PASSTRANSP","ROAD","MLN_PKM","A","2016",303530.0107798,
"AUS","PASSTRANSP","ROAD","MLN_PKM","A","2017",305705.15610768,
"AUS","PASSTRANSP","ROAD","MLN_PKM","A","2018",308067.17045018,
"AUS","PASSTRANSP","ROAD","MLN_PKM","A","2019",306963.41888892,
"AUS","PASSTRANSP","ROAD","MLN_PKM","A","2020",282439.42530623,
"AUS","PASSTRANSP","ROAD","MLN_PKM","A","2021",282449.06126269,
"BEL","PASSTRANSP","ROAD","MLN_PKM","A","1998",112960,
"BEL","PASSTRANSP","ROAD","MLN_PKM","A","1999",116460,
"BEL","PASSTRANSP","ROAD","MLN_PKM","A","2000",119400,
"BEL","PASSTRANSP","ROAD","MLN_PKM","A","2001",121470,
"BEL","PASSTRANSP","ROAD","MLN_PKM","A","2002",123960,
"BEL","PASSTRANSP","ROAD","MLN_PKM","A","2003",124730,
"BEL","PASSTRANSP","ROAD","MLN_PKM","A","2004",126800,
"BEL","PASSTRANSP","ROAD","MLN_PKM","A","2005",126960,
"BEL","PASSTRANSP","ROAD","MLN_PKM","A","2006",127990,
"BEL","PASSTRANSP","ROAD","MLN_PKM","A","2007",130810,
"BEL","PASSTRANSP","ROAD","MLN_PKM","A","2008",130620,
"BEL","PASSTRANSP","ROAD","MLN_PKM","A","2009",131060,
"BEL","PASSTRANSP","ROAD","MLN_PKM","A","2010",126773,
"BEL","PASSTRANSP","ROAD","MLN_PKM","A","2011",127640,
"BEL","PASSTRANSP","ROAD","MLN_PKM","A","2012",128046,
"BEL","PASSTRANSP","ROAD","MLN_PKM","A","2013",121530,
"BEL","PASSTRANSP","ROAD","MLN_PKM","A","2014",123980,
"BEL","PASSTRANSP","ROAD","MLN_PKM","A","2015",122240,
"BEL","PASSTRANSP","ROAD","MLN_PKM","A","2016",119500,
"CAN","PASSTRANSP","ROAD","MLN_PKM","A","1998",500000,
"CAN","PASSTRANSP","ROAD","MLN_PKM","A","1999",501000,
"CAN","PASSTRANSP","ROAD","MLN_PKM","A","2000",502000,
"CAN","PASSTRANSP","ROAD","MLN_PKM","A","2001",481000,
"CAN","PASSTRANSP","ROAD","MLN_PKM","A","2002",493000,
"CAN","PASSTRANSP","ROAD","MLN_PKM","A","2003",485000,
"CAN","PASSTRANSP","ROAD","MLN_PKM","A","2004",488368,
"CAN","PASSTRANSP","ROAD","MLN_PKM","A","2005",512736,
"CAN","PASSTRANSP","ROAD","MLN_PKM","A","2006",510103,
"CAN","PASSTRANSP","ROAD","MLN_PKM","A","2007",503471,
"CZE","PASSTRANSP","ROAD","MLN_PKM","A","1998",68461,"E"
"CZE","PASSTRANSP","ROAD","MLN_PKM","A","1999",71049,"E"
"CZE","PASSTRANSP","ROAD","MLN_PKM","A","2000",73291,"E"
"CZE","PASSTRANSP","ROAD","MLN_PKM","A","2001",74078,"E"
"CZE","PASSTRANSP","ROAD","MLN_PKM","A","2002",74958,"E"
"CZE","PASSTRANSP","ROAD","MLN_PKM","A","2003",76809,"E"
"CZE","PASSTRANSP","ROAD","MLN_PKM","A","2004",76086,"E"
"CZE","PASSTRANSP","ROAD","MLN_PKM","A","2005",77248,"E"
"CZE","PASSTRANSP","ROAD","MLN_PKM","A","2006",79131,"E"
"CZE","PASSTRANSP","ROAD","MLN_PKM","A","2007",81059,"E"
"CZE","PASSTRANSP","ROAD","MLN_PKM","A","2008",81749,"E"
"CZE","PASSTRANSP","ROAD","MLN_PKM","A","2009",81784,"E"
"CZE","PASSTRANSP","ROAD","MLN_PKM","A","2010",74386,
"CZE","PASSTRANSP","ROAD","MLN_PKM","A","2011",74757,"E"
"CZE","PASSTRANSP","ROAD","MLN_PKM","A","2012",73275,"E"
"CZE","PASSTRANSP","ROAD","MLN_PKM","A","2013",73676,"E"
"CZE","PASSTRANSP","ROAD","MLN_PKM","A","2014",76270,"E"
"CZE","PASSTRANSP","ROAD","MLN_PKM","A","2015",79700.9,"E"
"CZE","PASSTRANSP","ROAD","MLN_PKM","A","2016",82512.1,"E"
"CZE","PASSTRANSP","ROAD","MLN_PKM","A","2017",85504.8,"E"
"CZE","PASSTRANSP","ROAD","MLN_PKM","A","2018",88921.4,"E"
"CZE","PASSTRANSP","ROAD","MLN_PKM","A","2019",91726,"E"
"CZE","PASSTRANSP","ROAD","MLN_PKM","A","2020",74380,"E"
"CZE","PASSTRANSP","ROAD","MLN_PKM","A","2021",93335.1325,"E"
"DNK","PASSTRANSP","ROAD","MLN_PKM","A","1998",63942,
"DNK","PASSTRANSP","ROAD","MLN_PKM","A","1999",65010,
"DNK","PASSTRANSP","ROAD","MLN_PKM","A","2000",64194,
"DNK","PASSTRANSP","ROAD","MLN_PKM","A","2001",63386,
"DNK","PASSTRANSP","ROAD","MLN_PKM","A","2002",63473,
"DNK","PASSTRANSP","ROAD","MLN_PKM","A","2003",64016,
"DNK","PASSTRANSP","ROAD","MLN_PKM","A","2004",65452,
"DNK","PASSTRANSP","ROAD","MLN_PKM","A","2005",65517,
"DNK","PASSTRANSP","ROAD","MLN_PKM","A","2006",66191,
"DNK","PASSTRANSP","ROAD","MLN_PKM","A","2007",67815,
"DNK","PASSTRANSP","ROAD","MLN_PKM","A","2008",67791,
"DNK","PASSTRANSP","ROAD","MLN_PKM","A","2009",67236,
"DNK","PASSTRANSP","ROAD","MLN_PKM","A","2010",66612,
"DNK","PASSTRANSP","ROAD","MLN_PKM","A","2011",66612,
"DNK","PASSTRANSP","ROAD","MLN_PKM","A","2012",67039,
"DNK","PASSTRANSP","ROAD","MLN_PKM","A","2013",67551,
"DNK","PASSTRANSP","ROAD","MLN_PKM","A","2014",67026.550518915,
"DNK","PASSTRANSP","ROAD","MLN_PKM","A","2015",67544.075461366,
"DNK","PASSTRANSP","ROAD","MLN_PKM","A","2016",66544.317598197,
"FIN","PASSTRANSP","ROAD","MLN_PKM","A","1998",61100,
"FIN","PASSTRANSP","ROAD","MLN_PKM","A","1999",62500,
"FIN","PASSTRANSP","ROAD","MLN_PKM","A","2000",63400,
"FIN","PASSTRANSP","ROAD","MLN_PKM","A","2001",64700,
"FIN","PASSTRANSP","ROAD","MLN_PKM","A","2002",66000,
"FIN","PASSTRANSP","ROAD","MLN_PKM","A","2003",67260,
"FIN","PASSTRANSP","ROAD","MLN_PKM","A","2004",68545,
"FIN","PASSTRANSP","ROAD","MLN_PKM","A","2005",69450,
"FIN","PASSTRANSP","ROAD","MLN_PKM","A","2006",69995,
"FIN","PASSTRANSP","ROAD","MLN_PKM","A","2007",71325,
"FIN","PASSTRANSP","ROAD","MLN_PKM","A","2008",70940,
"FIN","PASSTRANSP","ROAD","MLN_PKM","A","2009",71870,
"FIN","PASSTRANSP","ROAD","MLN_PKM","A","2010",72285,
"FIN","PASSTRANSP","ROAD","MLN_PKM","A","2011",73030,
"FIN","PASSTRANSP","ROAD","MLN_PKM","A","2012",72810,
"FIN","PASSTRANSP","ROAD","MLN_PKM","A","2013",72655,
"FIN","PASSTRANSP","ROAD","MLN_PKM","A","2014",73060,
"FIN","PASSTRANSP","ROAD","MLN_PKM","A","2015",73835,
"FIN","PASSTRANSP","ROAD","MLN_PKM","A","2016",65262,"B"
"FIN","PASSTRANSP","ROAD","MLN_PKM","A","2017",74800,"B"
"FIN","PASSTRANSP","ROAD","MLN_PKM","A","2018",74800,
"FIN","PASSTRANSP","ROAD","MLN_PKM","A","2019",74700,
"FIN","PASSTRANSP","ROAD","MLN_PKM","A","2020",70900,
"FIN","PASSTRANSP","ROAD","MLN_PKM","A","2021",69600,
"FRA","PASSTRANSP","ROAD","MLN_PKM","A","1998",729859,
"FRA","PASSTRANSP","ROAD","MLN_PKM","A","1999",746485,
"FRA","PASSTRANSP","ROAD","MLN_PKM","A","2000",747054,
"FRA","PASSTRANSP","ROAD","MLN_PKM","A","2001",770918,
"FRA","PASSTRANSP","ROAD","MLN_PKM","A","2002",777226,
"FRA","PASSTRANSP","ROAD","MLN_PKM","A","2003",779163,
"FRA","PASSTRANSP","ROAD","MLN_PKM","A","2004",777323,
"FRA","PASSTRANSP","ROAD","MLN_PKM","A","2005",767290,
"FRA","PASSTRANSP","ROAD","MLN_PKM","A","2006",765879,
"FRA","PASSTRANSP","ROAD","MLN_PKM","A","2007",771178,
"FRA","PASSTRANSP","ROAD","MLN_PKM","A","2008",756610,
"FRA","PASSTRANSP","ROAD","MLN_PKM","A","2009",757177,
"FRA","PASSTRANSP","ROAD","MLN_PKM","A","2010",763941,
"FRA","PASSTRANSP","ROAD","MLN_PKM","A","2011",764529,
"FRA","PASSTRANSP","ROAD","MLN_PKM","A","2012",821372,"B"
"FRA","PASSTRANSP","ROAD","MLN_PKM","A","2013",827658,
"FRA","PASSTRANSP","ROAD","MLN_PKM","A","2014",839737,
"FRA","PASSTRANSP","ROAD","MLN_PKM","A","2015",851217,
"FRA","PASSTRANSP","ROAD","MLN_PKM","A","2016",865017,
"FRA","PASSTRANSP","ROAD","MLN_PKM","A","2017",873037,
"FRA","PASSTRANSP","ROAD","MLN_PKM","A","2018",871780,
"FRA","PASSTRANSP","ROAD","MLN_PKM","A","2019",867852,
"FRA","PASSTRANSP","ROAD","MLN_PKM","A","2020",718056,
"FRA","PASSTRANSP","ROAD","MLN_PKM","A","2021",769146,
"DEU","PASSTRANSP","ROAD","MLN_PKM","A","1998",895600,
"DEU","PASSTRANSP","ROAD","MLN_PKM","A","1999",916400,
"DEU","PASSTRANSP","ROAD","MLN_PKM","A","2000",900300,
"DEU","PASSTRANSP","ROAD","MLN_PKM","A","2001",921300,
"DEU","PASSTRANSP","ROAD","MLN_PKM","A","2002",930500,
"DEU","PASSTRANSP","ROAD","MLN_PKM","A","2003",925200,
"DEU","PASSTRANSP","ROAD","MLN_PKM","A","2004",951493,"B"
"DEU","PASSTRANSP","ROAD","MLN_PKM","A","2005",939389,
"DEU","PASSTRANSP","ROAD","MLN_PKM","A","2006",945052,
"DEU","PASSTRANSP","ROAD","MLN_PKM","A","2007",947807,
"DEU","PASSTRANSP","ROAD","MLN_PKM","A","2008",950882,
"DEU","PASSTRANSP","ROAD","MLN_PKM","A","2009",959694,
"DEU","PASSTRANSP","ROAD","MLN_PKM","A","2010",962892,
"DEU","PASSTRANSP","ROAD","MLN_PKM","A","2011",972357,
"DEU","PASSTRANSP","ROAD","MLN_PKM","A","2012",972319,
"DEU","PASSTRANSP","ROAD","MLN_PKM","A","2013",980246,
"DEU","PASSTRANSP","ROAD","MLN_PKM","A","2014",995190,
"DEU","PASSTRANSP","ROAD","MLN_PKM","A","2015",1008771,
"DEU","PASSTRANSP","ROAD","MLN_PKM","A","2016",1027755,
"DEU","PASSTRANSP","ROAD","MLN_PKM","A","2017",977430,
"DEU","PASSTRANSP","ROAD","MLN_PKM","A","2018",978702,
"DEU","PASSTRANSP","ROAD","MLN_PKM","A","2019",981452,
"DEU","PASSTRANSP","ROAD","MLN_PKM","A","2020",854931,"P"
"GRC","PASSTRANSP","ROAD","MLN_PKM","A","1998",37978,
"GRC","PASSTRANSP","ROAD","MLN_PKM","A","1999",39993,
"GRC","PASSTRANSP","ROAD","MLN_PKM","A","2000",40458,"E"
"GRC","PASSTRANSP","ROAD","MLN_PKM","A","2001",41083,"E"
"GRC","PASSTRANSP","ROAD","MLN_PKM","A","2002",41811,"E"
"GRC","PASSTRANSP","ROAD","MLN_PKM","A","2003",42029,"E"
"GRC","PASSTRANSP","ROAD","MLN_PKM","A","2004",42596,"E"
"GRC","PASSTRANSP","ROAD","MLN_PKM","A","2005",42484,"E"
"GRC","PASSTRANSP","ROAD","MLN_PKM","A","2006",42309,"E"
"GRC","PASSTRANSP","ROAD","MLN_PKM","A","2007",42577,"E"
"GRC","PASSTRANSP","ROAD","MLN_PKM","A","2008",42182,"E"
"HUN","PASSTRANSP","ROAD","MLN_PKM","A","1998",64419,
"HUN","PASSTRANSP","ROAD","MLN_PKM","A","1999",64294,
"HUN","PASSTRANSP","ROAD","MLN_PKM","A","2000",64622,
"HUN","PASSTRANSP","ROAD","MLN_PKM","A","2001",64506,
"HUN","PASSTRANSP","ROAD","MLN_PKM","A","2002",64702,
"HUN","PASSTRANSP","ROAD","MLN_PKM","A","2003",66122,
"HUN","PASSTRANSP","ROAD","MLN_PKM","A","2004",67529,
"HUN","PASSTRANSP","ROAD","MLN_PKM","A","2005",66638,
"HUN","PASSTRANSP","ROAD","MLN_PKM","A","2006",69630,
"HUN","PASSTRANSP","ROAD","MLN_PKM","A","2007",70447,
"HUN","PASSTRANSP","ROAD","MLN_PKM","A","2008",70984,
"HUN","PASSTRANSP","ROAD","MLN_PKM","A","2009",70477,
"HUN","PASSTRANSP","ROAD","MLN_PKM","A","2010",68845,
"HUN","PASSTRANSP","ROAD","MLN_PKM","A","2011",68510,
"HUN","PASSTRANSP","ROAD","MLN_PKM","A","2012",68661,
"HUN","PASSTRANSP","ROAD","MLN_PKM","A","2013",68788,
"HUN","PASSTRANSP","ROAD","MLN_PKM","A","2014",70162.677,"E"
"HUN","PASSTRANSP","ROAD","MLN_PKM","A","2015",72220.7766,"E"
"HUN","PASSTRANSP","ROAD","MLN_PKM","A","2016",74976.9021,"E"
"HUN","PASSTRANSP","ROAD","MLN_PKM","A","2017",78745.268,"E"
"HUN","PASSTRANSP","ROAD","MLN_PKM","A","2018",82606.9168,"E"
"HUN","PASSTRANSP","ROAD","MLN_PKM","A","2019",85756.2439,"E"
"HUN","PASSTRANSP","ROAD","MLN_PKM","A","2020",77150.225,"E"
"HUN","PASSTRANSP","ROAD","MLN_PKM","A","2021",80447.475,"E"
"ISL","PASSTRANSP","ROAD","MLN_PKM","A","1998",3854,
"ISL","PASSTRANSP","ROAD","MLN_PKM","A","1999",4115,
"ISL","PASSTRANSP","ROAD","MLN_PKM","A","2000",4250,
"ISL","PASSTRANSP","ROAD","MLN_PKM","A","2001",4458,"E"
"ISL","PASSTRANSP","ROAD","MLN_PKM","A","2002",4583,"E"
"ISL","PASSTRANSP","ROAD","MLN_PKM","A","2003",4711,"E"
"ISL","PASSTRANSP","ROAD","MLN_PKM","A","2004",4855,"E"
"ISL","PASSTRANSP","ROAD","MLN_PKM","A","2005",5145,"E"
"ISL","PASSTRANSP","ROAD","MLN_PKM","A","2006",5455,"E"
"ISL","PASSTRANSP","ROAD","MLN_PKM","A","2007",5730,"E"
"ISL","PASSTRANSP","ROAD","MLN_PKM","A","2008",5587,"E"
"ISL","PASSTRANSP","ROAD","MLN_PKM","A","2009",5647,"E"
"ISL","PASSTRANSP","ROAD","MLN_PKM","A","2010",5596,"E"
"ISL","PASSTRANSP","ROAD","MLN_PKM","A","2011",5392,"E"
"ISL","PASSTRANSP","ROAD","MLN_PKM","A","2012",5454,"E"
"ISL","PASSTRANSP","ROAD","MLN_PKM","A","2013",5611,"E"
"ISL","PASSTRANSP","ROAD","MLN_PKM","A","2014",5899,"E"
"ISL","PASSTRANSP","ROAD","MLN_PKM","A","2015",6296,"E"
"ISL","PASSTRANSP","ROAD","MLN_PKM","A","2016",7301,
"ISL","PASSTRANSP","ROAD","MLN_PKM","A","2017",7984,
"ISL","PASSTRANSP","ROAD","MLN_PKM","A","2018",8235,
"ISL","PASSTRANSP","ROAD","MLN_PKM","A","2019",8167,
"ISL","PASSTRANSP","ROAD","MLN_PKM","A","2020",6316,
"ITA","PASSTRANSP","ROAD","MLN_PKM","A","1998",753054,
"ITA","PASSTRANSP","ROAD","MLN_PKM","A","1999",755274,
"ITA","PASSTRANSP","ROAD","MLN_PKM","A","2000",807481,"B"
"ITA","PASSTRANSP","ROAD","MLN_PKM","A","2001",813276,
"ITA","PASSTRANSP","ROAD","MLN_PKM","A","2002",808678,
"ITA","PASSTRANSP","ROAD","MLN_PKM","A","2003",809307,
"ITA","PASSTRANSP","ROAD","MLN_PKM","A","2004",815820,
"ITA","PASSTRANSP","ROAD","MLN_PKM","A","2005",777968,
"ITA","PASSTRANSP","ROAD","MLN_PKM","A","2006",779304,
"ITA","PASSTRANSP","ROAD","MLN_PKM","A","2007",779713,
"ITA","PASSTRANSP","ROAD","MLN_PKM","A","2008",778797,
"ITA","PASSTRANSP","ROAD","MLN_PKM","A","2009",821618,
"ITA","PASSTRANSP","ROAD","MLN_PKM","A","2010",800609,
"ITA","PASSTRANSP","ROAD","MLN_PKM","A","2011",767772,
"ITA","PASSTRANSP","ROAD","MLN_PKM","A","2012",680180,
"ITA","PASSTRANSP","ROAD","MLN_PKM","A","2013",722138,
"ITA","PASSTRANSP","ROAD","MLN_PKM","A","2014",745726,
"ITA","PASSTRANSP","ROAD","MLN_PKM","A","2015",778858,
"ITA","PASSTRANSP","ROAD","MLN_PKM","A","2016",806855,
"ITA","PASSTRANSP","ROAD","MLN_PKM","A","2017",847598,
"ITA","PASSTRANSP","ROAD","MLN_PKM","A","2018",825494,
"ITA","PASSTRANSP","ROAD","MLN_PKM","A","2019",836722,
"ITA","PASSTRANSP","ROAD","MLN_PKM","A","2020",546933,
"ITA","PASSTRANSP","ROAD","MLN_PKM","A","2021",598582,
"JPN","PASSTRANSP","ROAD","MLN_PKM","A","1998",954808,
"JPN","PASSTRANSP","ROAD","MLN_PKM","A","1999",955563,
"JPN","PASSTRANSP","ROAD","MLN_PKM","A","2000",951251,"B"
"JPN","PASSTRANSP","ROAD","MLN_PKM","A","2001",954293,
"JPN","PASSTRANSP","ROAD","MLN_PKM","A","2002",955412,
"JPN","PASSTRANSP","ROAD","MLN_PKM","A","2003",954186,
"JPN","PASSTRANSP","ROAD","MLN_PKM","A","2004",947563,
"JPN","PASSTRANSP","ROAD","MLN_PKM","A","2005",933005,
"JPN","PASSTRANSP","ROAD","MLN_PKM","A","2006",917938,
"JPN","PASSTRANSP","ROAD","MLN_PKM","A","2007",919062,
"JPN","PASSTRANSP","ROAD","MLN_PKM","A","2008",905907,
"JPN","PASSTRANSP","ROAD","MLN_PKM","A","2009",898720,
"JPN","PASSTRANSP","ROAD","MLN_PKM","A","2010",876951,
"JPN","PASSTRANSP","ROAD","MLN_PKM","A","2011",867573,
"JPN","PASSTRANSP","ROAD","MLN_PKM","A","2012",892157,
"JPN","PASSTRANSP","ROAD","MLN_PKM","A","2013",889795,
"JPN","PASSTRANSP","ROAD","MLN_PKM","A","2014",876322,
"JPN","PASSTRANSP","ROAD","MLN_PKM","A","2015",879935,
"JPN","PASSTRANSP","ROAD","MLN_PKM","A","2016",891479,
"JPN","PASSTRANSP","ROAD","MLN_PKM","A","2017",904967,
"JPN","PASSTRANSP","ROAD","MLN_PKM","A","2018",917921,
"JPN","PASSTRANSP","ROAD","MLN_PKM","A","2019",909598,
"JPN","PASSTRANSP","ROAD","MLN_PKM","A","2020",769440,
"KOR","PASSTRANSP","ROAD","MLN_PKM","A","2001",267525,
"KOR","PASSTRANSP","ROAD","MLN_PKM","A","2002",244955,
"KOR","PASSTRANSP","ROAD","MLN_PKM","A","2003",238861,
"KOR","PASSTRANSP","ROAD","MLN_PKM","A","2004",190183,
"KOR","PASSTRANSP","ROAD","MLN_PKM","A","2005",200779,"B"
"KOR","PASSTRANSP","ROAD","MLN_PKM","A","2006",204339,
"KOR","PASSTRANSP","ROAD","MLN_PKM","A","2007",205158,
"KOR","PASSTRANSP","ROAD","MLN_PKM","A","2008",306660,
"KOR","PASSTRANSP","ROAD","MLN_PKM","A","2009",310787,
"KOR","PASSTRANSP","ROAD","MLN_PKM","A","2010",378863,
"KOR","PASSTRANSP","ROAD","MLN_PKM","A","2011",363318,
"KOR","PASSTRANSP","ROAD","MLN_PKM","A","2012",355200,
"KOR","PASSTRANSP","ROAD","MLN_PKM","A","2013",359928,
"KOR","PASSTRANSP","ROAD","MLN_PKM","A","2014",368516,
"KOR","PASSTRANSP","ROAD","MLN_PKM","A","2015",378044,
"KOR","PASSTRANSP","ROAD","MLN_PKM","A","2016",373919,
"KOR","PASSTRANSP","ROAD","MLN_PKM","A","2017",381854,
"KOR","PASSTRANSP","ROAD","MLN_PKM","A","2018",387268,
"KOR","PASSTRANSP","ROAD","MLN_PKM","A","2019",387957,
"KOR","PASSTRANSP","ROAD","MLN_PKM","A","2020",339537,
"NLD","PASSTRANSP","ROAD","MLN_PKM","A","1998",152100,
"NLD","PASSTRANSP","ROAD","MLN_PKM","A","1999",156400,"B"
"NLD","PASSTRANSP","ROAD","MLN_PKM","A","2000",156553,"E"
"NLD","PASSTRANSP","ROAD","MLN_PKM","A","2001",157083,"E"
"NLD","PASSTRANSP","ROAD","MLN_PKM","A","2002",159627,"E"
"NLD","PASSTRANSP","ROAD","MLN_PKM","A","2003",161700,"E"
"NLD","PASSTRANSP","ROAD","MLN_PKM","A","2004",167449,"E"
"NLD","PASSTRANSP","ROAD","MLN_PKM","A","2005",164834,"E"
"NLD","PASSTRANSP","ROAD","MLN_PKM","A","2006",163630,"E"
"NLD","PASSTRANSP","ROAD","MLN_PKM","A","2007",166605,"E"
"NLD","PASSTRANSP","ROAD","MLN_PKM","A","2008",163236,"E"
"NOR","PASSTRANSP","ROAD","MLN_PKM","A","1998",53478,
"NOR","PASSTRANSP","ROAD","MLN_PKM","A","1999",54508,
"NOR","PASSTRANSP","ROAD","MLN_PKM","A","2000",55314,
"NOR","PASSTRANSP","ROAD","MLN_PKM","A","2001",56463,
"NOR","PASSTRANSP","ROAD","MLN_PKM","A","2002",57612,
"NOR","PASSTRANSP","ROAD","MLN_PKM","A","2003",58007,
"NOR","PASSTRANSP","ROAD","MLN_PKM","A","2004",58573,
"NOR","PASSTRANSP","ROAD","MLN_PKM","A","2005",58339,
"NOR","PASSTRANSP","ROAD","MLN_PKM","A","2006",59196,
"NOR","PASSTRANSP","ROAD","MLN_PKM","A","2007",60943,
"NOR","PASSTRANSP","ROAD","MLN_PKM","A","2008",62103,
"NOR","PASSTRANSP","ROAD","MLN_PKM","A","2009",62744,
"NOR","PASSTRANSP","ROAD","MLN_PKM","A","2010",62718,"B"
"NOR","PASSTRANSP","ROAD","MLN_PKM","A","2011",63701,"E"
"NOR","PASSTRANSP","ROAD","MLN_PKM","A","2012",64482,"E"
"NOR","PASSTRANSP","ROAD","MLN_PKM","A","2013",65224,"E"
"NOR","PASSTRANSP","ROAD","MLN_PKM","A","2014",67273,"E"
"NOR","PASSTRANSP","ROAD","MLN_PKM","A","2015",68789,"E"
"NOR","PASSTRANSP","ROAD","MLN_PKM","A","2016",69251,"E"
"NOR","PASSTRANSP","ROAD","MLN_PKM","A","2017",70548,"E"
"NOR","PASSTRANSP","ROAD","MLN_PKM","A","2018",71131,"E"
"NOR","PASSTRANSP","ROAD","MLN_PKM","A","2019",71779,"E"
"NOR","PASSTRANSP","ROAD","MLN_PKM","A","2020",65599,"E"
"NOR","PASSTRANSP","ROAD","MLN_PKM","A","2021",68232,"E"
"POL","PASSTRANSP","ROAD","MLN_PKM","A","1998",175135,"E"
"POL","PASSTRANSP","ROAD","MLN_PKM","A","1999",176250,"E"
"POL","PASSTRANSP","ROAD","MLN_PKM","A","2000",189373,
"POL","PASSTRANSP","ROAD","MLN_PKM","A","2001",187737,"E"
"POL","PASSTRANSP","ROAD","MLN_PKM","A","2002",187875,"E"
"POL","PASSTRANSP","ROAD","MLN_PKM","A","2003",192944,"E"
"POL","PASSTRANSP","ROAD","MLN_PKM","A","2004",197895,"E"
"POL","PASSTRANSP","ROAD","MLN_PKM","A","2005",201465,"E"
"POL","PASSTRANSP","ROAD","MLN_PKM","A","2006",205289,"E"
"POL","PASSTRANSP","ROAD","MLN_PKM","A","2007",209959,"E"
"POL","PASSTRANSP","ROAD","MLN_PKM","A","2008",220343,"E"
"POL","PASSTRANSP","ROAD","MLN_PKM","A","2009",226661,"E"
"POL","PASSTRANSP","ROAD","MLN_PKM","A","2010",230461,"E"
"POL","PASSTRANSP","ROAD","MLN_PKM","A","2011",229229,
"POL","PASSTRANSP","ROAD","MLN_PKM","A","2012",228743,"E"
"POL","PASSTRANSP","ROAD","MLN_PKM","A","2013",231117,"E"
"POL","PASSTRANSP","ROAD","MLN_PKM","A","2014",236190,"E"
"POL","PASSTRANSP","ROAD","MLN_PKM","A","2015",238150,"E"
"POL","PASSTRANSP","ROAD","MLN_PKM","A","2016",250092,"E"
"POL","PASSTRANSP","ROAD","MLN_PKM","A","2017",257610,"E"
"POL","PASSTRANSP","ROAD","MLN_PKM","A","2018",262156,
"POL","PASSTRANSP","ROAD","MLN_PKM","A","2019",268491,
"POL","PASSTRANSP","ROAD","MLN_PKM","A","2020",232234,
"POL","PASSTRANSP","ROAD","MLN_PKM","A","2021",252807,"E"
"PRT","PASSTRANSP","ROAD","MLN_PKM","A","1998",87150,
"PRT","PASSTRANSP","ROAD","MLN_PKM","A","1999",93080,
"PRT","PASSTRANSP","ROAD","MLN_PKM","A","2000",94204,"E"
"PRT","PASSTRANSP","ROAD","MLN_PKM","A","2001",95009,"E"
"PRT","PASSTRANSP","ROAD","MLN_PKM","A","2002",95580,"E"
"PRT","PASSTRANSP","ROAD","MLN_PKM","A","2003",96541,"E"
"PRT","PASSTRANSP","ROAD","MLN_PKM","A","2004",97809,"E"
"PRT","PASSTRANSP","ROAD","MLN_PKM","A","2005",97518,"E"
"PRT","PASSTRANSP","ROAD","MLN_PKM","A","2006",97202,"E"
"PRT","PASSTRANSP","ROAD","MLN_PKM","A","2007",97722,"E"
"PRT","PASSTRANSP","ROAD","MLN_PKM","A","2008",96756,"E"
"SVK","PASSTRANSP","ROAD","MLN_PKM","A","1998",28142,
"SVK","PASSTRANSP","ROAD","MLN_PKM","A","1999",29374,
"SVK","PASSTRANSP","ROAD","MLN_PKM","A","2000",32364,
"SVK","PASSTRANSP","ROAD","MLN_PKM","A","2001",32309,
"SVK","PASSTRANSP","ROAD","MLN_PKM","A","2002",33214,
"SVK","PASSTRANSP","ROAD","MLN_PKM","A","2003",32981,
"SVK","PASSTRANSP","ROAD","MLN_PKM","A","2004",32214,
"SVK","PASSTRANSP","ROAD","MLN_PKM","A","2005",33564,
"SVK","PASSTRANSP","ROAD","MLN_PKM","A","2006",33736,
"SVK","PASSTRANSP","ROAD","MLN_PKM","A","2007",33731,
"SVK","PASSTRANSP","ROAD","MLN_PKM","A","2008",32962,
"SVK","PASSTRANSP","ROAD","MLN_PKM","A","2009",31715,
"SVK","PASSTRANSP","ROAD","MLN_PKM","A","2010",32021,
"SVK","PASSTRANSP","ROAD","MLN_PKM","A","2011",32225,
"SVK","PASSTRANSP","ROAD","MLN_PKM","A","2012",32235,"E"
"SVK","PASSTRANSP","ROAD","MLN_PKM","A","2013",32321,"E"
"SVK","PASSTRANSP","ROAD","MLN_PKM","A","2014",32532,"E"
"SVK","PASSTRANSP","ROAD","MLN_PKM","A","2015",32799,"E"
"SVK","PASSTRANSP","ROAD","MLN_PKM","A","2016",33665,"E"
"SVK","PASSTRANSP","ROAD","MLN_PKM","A","2017",34050,"E"
"SVK","PASSTRANSP","ROAD","MLN_PKM","A","2018",34699,"E"
"SVK","PASSTRANSP","ROAD","MLN_PKM","A","2019",34803,"E"
"ESP","PASSTRANSP","ROAD","MLN_PKM","A","1998",320972,
"ESP","PASSTRANSP","ROAD","MLN_PKM","A","1999",341329,
"ESP","PASSTRANSP","ROAD","MLN_PKM","A","2000",330263,"B"
"ESP","PASSTRANSP","ROAD","MLN_PKM","A","2001",336520,
"ESP","PASSTRANSP","ROAD","MLN_PKM","A","2002",362576,
"ESP","PASSTRANSP","ROAD","MLN_PKM","A","2003",371137,
"ESP","PASSTRANSP","ROAD","MLN_PKM","A","2004",383650,
"ESP","PASSTRANSP","ROAD","MLN_PKM","A","2005",390973,
"ESP","PASSTRANSP","ROAD","MLN_PKM","A","2006",390306,
"ESP","PASSTRANSP","ROAD","MLN_PKM","A","2007",402456,
"ESP","PASSTRANSP","ROAD","MLN_PKM","A","2008",403475,
"ESP","PASSTRANSP","ROAD","MLN_PKM","A","2009",407444,
"ESP","PASSTRANSP","ROAD","MLN_PKM","A","2010",392531,
"ESP","PASSTRANSP","ROAD","MLN_PKM","A","2011",389763,
"ESP","PASSTRANSP","ROAD","MLN_PKM","A","2012",375576,
"ESP","PASSTRANSP","ROAD","MLN_PKM","A","2013",370375,
"ESP","PASSTRANSP","ROAD","MLN_PKM","A","2014",348173,"B"
"ESP","PASSTRANSP","ROAD","MLN_PKM","A","2015",363942,
"ESP","PASSTRANSP","ROAD","MLN_PKM","A","2016",377643,
"ESP","PASSTRANSP","ROAD","MLN_PKM","A","2017",363368,
"ESP","PASSTRANSP","ROAD","MLN_PKM","A","2018",372744,
"ESP","PASSTRANSP","ROAD","MLN_PKM","A","2019",375255,
"ESP","PASSTRANSP","ROAD","MLN_PKM","A","2020",284467,
"SWE","PASSTRANSP","ROAD","MLN_PKM","A","1998",108152,
"SWE","PASSTRANSP","ROAD","MLN_PKM","A","1999",110336,"B"
"SWE","PASSTRANSP","ROAD","MLN_PKM","A","2000",113273,"B"
"SWE","PASSTRANSP","ROAD","MLN_PKM","A","2001",114464,
"SWE","PASSTRANSP","ROAD","MLN_PKM","A","2002",116344,
"SWE","PASSTRANSP","ROAD","MLN_PKM","A","2003",117084,
"SWE","PASSTRANSP","ROAD","MLN_PKM","A","2004",118077,
"SWE","PASSTRANSP","ROAD","MLN_PKM","A","2005",117710,
"SWE","PASSTRANSP","ROAD","MLN_PKM","A","2006",117951,
"SWE","PASSTRANSP","ROAD","MLN_PKM","A","2007",120171,
"SWE","PASSTRANSP","ROAD","MLN_PKM","A","2008",119160,
"SWE","PASSTRANSP","ROAD","MLN_PKM","A","2009",118660,
"SWE","PASSTRANSP","ROAD","MLN_PKM","A","2010",117935,
"SWE","PASSTRANSP","ROAD","MLN_PKM","A","2011",119294,
"SWE","PASSTRANSP","ROAD","MLN_PKM","A","2012",118479,
"SWE","PASSTRANSP","ROAD","MLN_PKM","A","2013",118568,
"SWE","PASSTRANSP","ROAD","MLN_PKM","A","2014",120664,
"SWE","PASSTRANSP","ROAD","MLN_PKM","A","2015",122392,
"SWE","PASSTRANSP","ROAD","MLN_PKM","A","2016",104243,"B"
"SWE","PASSTRANSP","ROAD","MLN_PKM","A","2017",106088,
"SWE","PASSTRANSP","ROAD","MLN_PKM","A","2018",107074,
"SWE","PASSTRANSP","ROAD","MLN_PKM","A","2019",106492,
"SWE","PASSTRANSP","ROAD","MLN_PKM","A","2020",99665,
"SWE","PASSTRANSP","ROAD","MLN_PKM","A","2021",98784,
"CHE","PASSTRANSP","ROAD","MLN_PKM","A","1998",78009,
"CHE","PASSTRANSP","ROAD","MLN_PKM","A","1999",78973,
"CHE","PASSTRANSP","ROAD","MLN_PKM","A","2000",80499,
"CHE","PASSTRANSP","ROAD","MLN_PKM","A","2001",81109,
"CHE","PASSTRANSP","ROAD","MLN_PKM","A","2002",82003,
"CHE","PASSTRANSP","ROAD","MLN_PKM","A","2003",82774,
"CHE","PASSTRANSP","ROAD","MLN_PKM","A","2004",83587,
"CHE","PASSTRANSP","ROAD","MLN_PKM","A","2005",83937,
"CHE","PASSTRANSP","ROAD","MLN_PKM","A","2006",84783,
"CHE","PASSTRANSP","ROAD","MLN_PKM","A","2007",85757,
"CHE","PASSTRANSP","ROAD","MLN_PKM","A","2008",87626.684209783,
"CHE","PASSTRANSP","ROAD","MLN_PKM","A","2009",90239.259008148,
"CHE","PASSTRANSP","ROAD","MLN_PKM","A","2010",92419.387321189,
"CHE","PASSTRANSP","ROAD","MLN_PKM","A","2011",93400.149412342,
"CHE","PASSTRANSP","ROAD","MLN_PKM","A","2012",94987.570779686,
"CHE","PASSTRANSP","ROAD","MLN_PKM","A","2013",96362.440481672,
"CHE","PASSTRANSP","ROAD","MLN_PKM","A","2014",97720.369848966,
"CHE","PASSTRANSP","ROAD","MLN_PKM","A","2015",99158.08360765,
"CHE","PASSTRANSP","ROAD","MLN_PKM","A","2016",101275.7072384,
"CHE","PASSTRANSP","ROAD","MLN_PKM","A","2017",103104.041618,
"CHE","PASSTRANSP","ROAD","MLN_PKM","A","2018",104331.24281709,
"CHE","PASSTRANSP","ROAD","MLN_PKM","A","2019",105566.43633,
"CHE","PASSTRANSP","ROAD","MLN_PKM","A","2020",86344.5984735,
"TUR","PASSTRANSP","ROAD","MLN_PKM","A","1998",186159,
"TUR","PASSTRANSP","ROAD","MLN_PKM","A","1999",175236,
"TUR","PASSTRANSP","ROAD","MLN_PKM","A","2000",185681,
"TUR","PASSTRANSP","ROAD","MLN_PKM","A","2001",168211,
"TUR","PASSTRANSP","ROAD","MLN_PKM","A","2002",163327,
"TUR","PASSTRANSP","ROAD","MLN_PKM","A","2003",164311,
"TUR","PASSTRANSP","ROAD","MLN_PKM","A","2004",174312,
"TUR","PASSTRANSP","ROAD","MLN_PKM","A","2005",182152,
"TUR","PASSTRANSP","ROAD","MLN_PKM","A","2006",187593,
"TUR","PASSTRANSP","ROAD","MLN_PKM","A","2007",209115,
"TUR","PASSTRANSP","ROAD","MLN_PKM","A","2008",206098,
"TUR","PASSTRANSP","ROAD","MLN_PKM","A","2009",212464,
"TUR","PASSTRANSP","ROAD","MLN_PKM","A","2010",226913,
"TUR","PASSTRANSP","ROAD","MLN_PKM","A","2011",242265,
"TUR","PASSTRANSP","ROAD","MLN_PKM","A","2012",258874,
"TUR","PASSTRANSP","ROAD","MLN_PKM","A","2013",268178,
"TUR","PASSTRANSP","ROAD","MLN_PKM","A","2014",276073,
"TUR","PASSTRANSP","ROAD","MLN_PKM","A","2015",290734,
"TUR","PASSTRANSP","ROAD","MLN_PKM","A","2016",300852,
"TUR","PASSTRANSP","ROAD","MLN_PKM","A","2017",314734,
"TUR","PASSTRANSP","ROAD","MLN_PKM","A","2018",329363,
"TUR","PASSTRANSP","ROAD","MLN_PKM","A","2019",339601,
"TUR","PASSTRANSP","ROAD","MLN_PKM","A","2020",288992,
"TUR","PASSTRANSP","ROAD","MLN_PKM","A","2021",336188,
"GBR","PASSTRANSP","ROAD","MLN_PKM","A","1998",680577.52258647,
"GBR","PASSTRANSP","ROAD","MLN_PKM","A","1999",688286.68197619,
"GBR","PASSTRANSP","ROAD","MLN_PKM","A","2000",685066.07249072,
"GBR","PASSTRANSP","ROAD","MLN_PKM","A","2001",697936.19970162,
"GBR","PASSTRANSP","ROAD","MLN_PKM","A","2002",719619.46918281,
"GBR","PASSTRANSP","ROAD","MLN_PKM","A","2003",714356.3389006,
"GBR","PASSTRANSP","ROAD","MLN_PKM","A","2004",713486.3555,
"GBR","PASSTRANSP","ROAD","MLN_PKM","A","2005",709177.5351,
"GBR","PASSTRANSP","ROAD","MLN_PKM","A","2006",712903.081,
"GBR","PASSTRANSP","ROAD","MLN_PKM","A","2007",713789.5654,
"GBR","PASSTRANSP","ROAD","MLN_PKM","A","2008",709811.338,
"GBR","PASSTRANSP","ROAD","MLN_PKM","A","2009",706186.1861,
"GBR","PASSTRANSP","ROAD","MLN_PKM","A","2010",695783.8464,
"GBR","PASSTRANSP","ROAD","MLN_PKM","A","2011",696289.4127,
"GBR","PASSTRANSP","ROAD","MLN_PKM","A","2012",703196.6883,
"GBR","PASSTRANSP","ROAD","MLN_PKM","A","2013",699484.0759,
"GBR","PASSTRANSP","ROAD","MLN_PKM","A","2014",716223.8557,
"GBR","PASSTRANSP","ROAD","MLN_PKM","A","2015",721385.3778,
"GBR","PASSTRANSP","ROAD","MLN_PKM","A","2016",731444.369,
"GBR","PASSTRANSP","ROAD","MLN_PKM","A","2017",745354.94,
"GBR","PASSTRANSP","ROAD","MLN_PKM","A","2018",756707.0623,
"GBR","PASSTRANSP","ROAD","MLN_PKM","A","2019",770193.6377,
"USA","PASSTRANSP","ROAD","MLN_PKM","A","1998",4204228,
"USA","PASSTRANSP","ROAD","MLN_PKM","A","1999",4277003,
"USA","PASSTRANSP","ROAD","MLN_PKM","A","2000",4353880,"B"
"USA","PASSTRANSP","ROAD","MLN_PKM","A","2001",4355728,
"USA","PASSTRANSP","ROAD","MLN_PKM","A","2002",4450661,
"USA","PASSTRANSP","ROAD","MLN_PKM","A","2003",4483127,
"USA","PASSTRANSP","ROAD","MLN_PKM","A","2004",4554468,
"USA","PASSTRANSP","ROAD","MLN_PKM","A","2005",4582280,
"USA","PASSTRANSP","ROAD","MLN_PKM","A","2006",4530078,
"USA","PASSTRANSP","ROAD","MLN_PKM","A","2007",5846312,"B"
"USA","PASSTRANSP","ROAD","MLN_PKM","A","2008",5654260,"B"
"USA","PASSTRANSP","ROAD","MLN_PKM","A","2009",5984972,
"USA","PASSTRANSP","ROAD","MLN_PKM","A","2010",5989833,
"USA","PASSTRANSP","ROAD","MLN_PKM","A","2011",6046500,
"USA","PASSTRANSP","ROAD","MLN_PKM","A","2012",6121616,
"USA","PASSTRANSP","ROAD","MLN_PKM","A","2013",6162599,
"USA","PASSTRANSP","ROAD","MLN_PKM","A","2014",6181776,
"USA","PASSTRANSP","ROAD","MLN_PKM","A","2015",6393041.818112,
"USA","PASSTRANSP","ROAD","MLN_PKM","A","2016",6512056,
"USA","PASSTRANSP","ROAD","MLN_PKM","A","2017",6558301,
"ALB","PASSTRANSP","ROAD","MLN_PKM","A","1998",4924,"E"
"ALB","PASSTRANSP","ROAD","MLN_PKM","A","1999",5183,"E"
"ALB","PASSTRANSP","ROAD","MLN_PKM","A","2000",5299,"E"
"ALB","PASSTRANSP","ROAD","MLN_PKM","A","2001",5370,"E"
"ALB","PASSTRANSP","ROAD","MLN_PKM","A","2002",6065,"E"
"ALB","PASSTRANSP","ROAD","MLN_PKM","A","2003",6495,"E"
"ALB","PASSTRANSP","ROAD","MLN_PKM","A","2004",6481,"E"
"ALB","PASSTRANSP","ROAD","MLN_PKM","A","2005",6925,"E"
"ALB","PASSTRANSP","ROAD","MLN_PKM","A","2006",7350,"E"
"ALB","PASSTRANSP","ROAD","MLN_PKM","A","2007",7040,"E"
"ALB","PASSTRANSP","ROAD","MLN_PKM","A","2008",6437,"E"
"ALB","PASSTRANSP","ROAD","MLN_PKM","A","2009",7370,"E"
"ALB","PASSTRANSP","ROAD","MLN_PKM","A","2010",7905,"E"
"ALB","PASSTRANSP","ROAD","MLN_PKM","A","2011",7980,"E"
"ALB","PASSTRANSP","ROAD","MLN_PKM","A","2012",7637,"E"
"ALB","PASSTRANSP","ROAD","MLN_PKM","A","2013",8650,"E"
"ARM","PASSTRANSP","ROAD","MLN_PKM","A","1998",1643,
"ARM","PASSTRANSP","ROAD","MLN_PKM","A","1999",1421,
"ARM","PASSTRANSP","ROAD","MLN_PKM","A","2000",1437,
"ARM","PASSTRANSP","ROAD","MLN_PKM","A","2001",1678,
"ARM","PASSTRANSP","ROAD","MLN_PKM","A","2002",1813,
"ARM","PASSTRANSP","ROAD","MLN_PKM","A","2003",1959,
"ARM","PASSTRANSP","ROAD","MLN_PKM","A","2004",2066,"E"
"ARM","PASSTRANSP","ROAD","MLN_PKM","A","2005",2223,"E"
"ARM","PASSTRANSP","ROAD","MLN_PKM","A","2006",2436,"E"
"ARM","PASSTRANSP","ROAD","MLN_PKM","A","2007",2521,"E"
"ARM","PASSTRANSP","ROAD","MLN_PKM","A","2008",2521,"E"
"AZE","PASSTRANSP","ROAD","MLN_PKM","A","1998",8517,
"AZE","PASSTRANSP","ROAD","MLN_PKM","A","1999",8902,
"AZE","PASSTRANSP","ROAD","MLN_PKM","A","2000",9153,
"AZE","PASSTRANSP","ROAD","MLN_PKM","A","2001",9442,
"AZE","PASSTRANSP","ROAD","MLN_PKM","A","2002",9603,
"AZE","PASSTRANSP","ROAD","MLN_PKM","A","2003",9861,
"AZE","PASSTRANSP","ROAD","MLN_PKM","A","2004",10279,
"AZE","PASSTRANSP","ROAD","MLN_PKM","A","2005",10892,
"AZE","PASSTRANSP","ROAD","MLN_PKM","A","2006",11786,
"AZE","PASSTRANSP","ROAD","MLN_PKM","A","2007",12893,
"AZE","PASSTRANSP","ROAD","MLN_PKM","A","2008",14041,
"AZE","PASSTRANSP","ROAD","MLN_PKM","A","2009",15291,
"AZE","PASSTRANSP","ROAD","MLN_PKM","A","2010",16633,
"AZE","PASSTRANSP","ROAD","MLN_PKM","A","2011",18264,
"AZE","PASSTRANSP","ROAD","MLN_PKM","A","2012",20034,
"AZE","PASSTRANSP","ROAD","MLN_PKM","A","2013",21880,
"AZE","PASSTRANSP","ROAD","MLN_PKM","A","2014",22992,
"AZE","PASSTRANSP","ROAD","MLN_PKM","A","2015",23825,
"AZE","PASSTRANSP","ROAD","MLN_PKM","A","2016",24429,
"AZE","PASSTRANSP","ROAD","MLN_PKM","A","2017",24886,
"AZE","PASSTRANSP","ROAD","MLN_PKM","A","2018",25276,
"AZE","PASSTRANSP","ROAD","MLN_PKM","A","2019",25950,
"AZE","PASSTRANSP","ROAD","MLN_PKM","A","2020",16974,
"AZE","PASSTRANSP","ROAD","MLN_PKM","A","2021",16788,
"GEO","PASSTRANSP","ROAD","MLN_PKM","A","1998",3910,
"GEO","PASSTRANSP","ROAD","MLN_PKM","A","1999",4310,
"GEO","PASSTRANSP","ROAD","MLN_PKM","A","2000",4510,
"GEO","PASSTRANSP","ROAD","MLN_PKM","A","2001",4764,
"GEO","PASSTRANSP","ROAD","MLN_PKM","A","2002",4920,
"GEO","PASSTRANSP","ROAD","MLN_PKM","A","2003",5150,
"GEO","PASSTRANSP","ROAD","MLN_PKM","A","2004",5200,
"GEO","PASSTRANSP","ROAD","MLN_PKM","A","2005",5252,
"GEO","PASSTRANSP","ROAD","MLN_PKM","A","2006",5269,
"GEO","PASSTRANSP","ROAD","MLN_PKM","A","2007",5416,
"GEO","PASSTRANSP","ROAD","MLN_PKM","A","2008",5568,
"GEO","PASSTRANSP","ROAD","MLN_PKM","A","2009",5724,
"GEO","PASSTRANSP","ROAD","MLN_PKM","A","2010",5885,
"GEO","PASSTRANSP","ROAD","MLN_PKM","A","2011",6049,
"GEO","PASSTRANSP","ROAD","MLN_PKM","A","2012",6219,
"GEO","PASSTRANSP","ROAD","MLN_PKM","A","2013",6393,
"GEO","PASSTRANSP","ROAD","MLN_PKM","A","2014",6572,
"GEO","PASSTRANSP","ROAD","MLN_PKM","A","2015",6756,
"GEO","PASSTRANSP","ROAD","MLN_PKM","A","2016",6945.2,
"GEO","PASSTRANSP","ROAD","MLN_PKM","A","2017",7139.7,
"GEO","PASSTRANSP","ROAD","MLN_PKM","A","2018",7339.6,
"GEO","PASSTRANSP","ROAD","MLN_PKM","A","2019",7545.1,
"GEO","PASSTRANSP","ROAD","MLN_PKM","A","2020",5855.8,
"GEO","PASSTRANSP","ROAD","MLN_PKM","A","2021",5211.6,
"IND","PASSTRANSP","ROAD","MLN_PKM","A","1998",1713778,"E"
"IND","PASSTRANSP","ROAD","MLN_PKM","A","1999",1832000,
"IND","PASSTRANSP","ROAD","MLN_PKM","A","2000",2076000,
"IND","PASSTRANSP","ROAD","MLN_PKM","A","2001",2413000,
"IND","PASSTRANSP","ROAD","MLN_PKM","A","2002",2815000,
"IND","PASSTRANSP","ROAD","MLN_PKM","A","2003",3070000,
"IND","PASSTRANSP","ROAD","MLN_PKM","A","2004",3469000,
"IND","PASSTRANSP","ROAD","MLN_PKM","A","2005",4252000,
"IND","PASSTRANSP","ROAD","MLN_PKM","A","2006",4657000,
"IND","PASSTRANSP","ROAD","MLN_PKM","A","2007",5482000,
"IND","PASSTRANSP","ROAD","MLN_PKM","A","2008",6182000,
"IND","PASSTRANSP","ROAD","MLN_PKM","A","2009",7192000,
"IND","PASSTRANSP","ROAD","MLN_PKM","A","2010",8409000,
"IND","PASSTRANSP","ROAD","MLN_PKM","A","2011",9478000,
"IND","PASSTRANSP","ROAD","MLN_PKM","A","2012",10393000,
"IND","PASSTRANSP","ROAD","MLN_PKM","A","2013",11756000,
"IND","PASSTRANSP","ROAD","MLN_PKM","A","2014",13403000,
"IND","PASSTRANSP","ROAD","MLN_PKM","A","2015",15415000,
"IND","PASSTRANSP","ROAD","MLN_PKM","A","2016",17496000,"E"
"IND","PASSTRANSP","ROAD","MLN_PKM","A","2017",19718000,"E"
"LTU","PASSTRANSP","ROAD","MLN_PKM","A","2002",18542,
"LTU","PASSTRANSP","ROAD","MLN_PKM","A","2003",21976,
"LTU","PASSTRANSP","ROAD","MLN_PKM","A","2004",28939,
"LTU","PASSTRANSP","ROAD","MLN_PKM","A","2005",38060,
"LTU","PASSTRANSP","ROAD","MLN_PKM","A","2006",42755,
"LTU","PASSTRANSP","ROAD","MLN_PKM","A","2007",42289,
"LTU","PASSTRANSP","ROAD","MLN_PKM","A","2008",40943,
"LTU","PASSTRANSP","ROAD","MLN_PKM","A","2009",38437,
"LTU","PASSTRANSP","ROAD","MLN_PKM","A","2010",34917,
"LTU","PASSTRANSP","ROAD","MLN_PKM","A","2011",32308,
"LTU","PASSTRANSP","ROAD","MLN_PKM","A","2012",36578,
"LTU","PASSTRANSP","ROAD","MLN_PKM","A","2013",35846,
"LTU","PASSTRANSP","ROAD","MLN_PKM","A","2014",27038,
"LTU","PASSTRANSP","ROAD","MLN_PKM","A","2015",27322,
"LTU","PASSTRANSP","ROAD","MLN_PKM","A","2016",28215,
"LTU","PASSTRANSP","ROAD","MLN_PKM","A","2017",33835,
"LTU","PASSTRANSP","ROAD","MLN_PKM","A","2018",32702,
"MKD","PASSTRANSP","ROAD","MLN_PKM","A","2000",6519,"E"
"MKD","PASSTRANSP","ROAD","MLN_PKM","A","2001",6337,"E"
"MKD","PASSTRANSP","ROAD","MLN_PKM","A","2002",6591,"E"
"MKD","PASSTRANSP","ROAD","MLN_PKM","A","2003",6784,"E"
"MKD","PASSTRANSP","ROAD","MLN_PKM","A","2004",6022,"E"
"MKD","PASSTRANSP","ROAD","MLN_PKM","A","2005",5722,"E"
"MKD","PASSTRANSP","ROAD","MLN_PKM","A","2006",5387,"E"
"MKD","PASSTRANSP","ROAD","MLN_PKM","A","2007",5518,"E"
"MKD","PASSTRANSP","ROAD","MLN_PKM","A","2008",6000,"E"
"MKD","PASSTRANSP","ROAD","MLN_PKM","A","2009",6009,"E"
"MKD","PASSTRANSP","ROAD","MLN_PKM","A","2010",6667,"E"
"MKD","PASSTRANSP","ROAD","MLN_PKM","A","2011",7530,"E"
"MKD","PASSTRANSP","ROAD","MLN_PKM","A","2012",7110,"E"
"MKD","PASSTRANSP","ROAD","MLN_PKM","A","2013",7944,"E"
"MKD","PASSTRANSP","ROAD","MLN_PKM","A","2014",9243,"E"
"MKD","PASSTRANSP","ROAD","MLN_PKM","A","2015",9263,"E"
"MKD","PASSTRANSP","ROAD","MLN_PKM","A","2016",9261,"E"
"MKD","PASSTRANSP","ROAD","MLN_PKM","A","2017",11499,"E"
"MKD","PASSTRANSP","ROAD","MLN_PKM","A","2018",11698,"E"
"MKD","PASSTRANSP","ROAD","MLN_PKM","A","2019",11731,"E"
"MKD","PASSTRANSP","ROAD","MLN_PKM","A","2020",10352.105778,"E"
"MKD","PASSTRANSP","ROAD","MLN_PKM","A","2021",11441.479629,"E"
"SVN","PASSTRANSP","ROAD","MLN_PKM","A","1998",22856,
"SVN","PASSTRANSP","ROAD","MLN_PKM","A","1999",24212,
"SVN","PASSTRANSP","ROAD","MLN_PKM","A","2000",23827,
"SVN","PASSTRANSP","ROAD","MLN_PKM","A","2001",24194,
"SVN","PASSTRANSP","ROAD","MLN_PKM","A","2002",24626,
"SVN","PASSTRANSP","ROAD","MLN_PKM","A","2003",24777,
"SVN","PASSTRANSP","ROAD","MLN_PKM","A","2004",25260,
"SVN","PASSTRANSP","ROAD","MLN_PKM","A","2005",25571,
"SVN","PASSTRANSP","ROAD","MLN_PKM","A","2006",26139,
"SVN","PASSTRANSP","ROAD","MLN_PKM","A","2007",27590,
"SVN","PASSTRANSP","ROAD","MLN_PKM","A","2008",28024,
"SVN","PASSTRANSP","ROAD","MLN_PKM","A","2009",28971,
"SVN","PASSTRANSP","ROAD","MLN_PKM","A","2010",28819,
"MNE","PASSTRANSP","ROAD","MLN_PKM","A","2001",134,
"MNE","PASSTRANSP","ROAD","MLN_PKM","A","2002",121,
"MNE","PASSTRANSP","ROAD","MLN_PKM","A","2003",99,
"MNE","PASSTRANSP","ROAD","MLN_PKM","A","2004",101,
"MNE","PASSTRANSP","ROAD","MLN_PKM","A","2005",85,
"MNE","PASSTRANSP","ROAD","MLN_PKM","A","2006",115,
"MNE","PASSTRANSP","ROAD","MLN_PKM","A","2007",141,
"MNE","PASSTRANSP","ROAD","MLN_PKM","A","2008",123,
"MNE","PASSTRANSP","ROAD","MLN_PKM","A","2009",102,
"MNE","PASSTRANSP","ROAD","MLN_PKM","A","2010",81,
"MNE","PASSTRANSP","ROAD","MLN_PKM","A","2011",80,
"MNE","PASSTRANSP","ROAD","MLN_PKM","A","2012",111,
"MNE","PASSTRANSP","ROAD","MLN_PKM","A","2013",109,
"MNE","PASSTRANSP","ROAD","MLN_PKM","A","2014",108,
"MNE","PASSTRANSP","ROAD","MLN_PKM","A","2015",110,
"MNE","PASSTRANSP","ROAD","MLN_PKM","A","2016",114,
"MNE","PASSTRANSP","ROAD","MLN_PKM","A","2017",114,
"HRV","PASSTRANSP","ROAD","MLN_PKM","A","2011",28387,
"HRV","PASSTRANSP","ROAD","MLN_PKM","A","2012",29396,
"HRV","PASSTRANSP","ROAD","MLN_PKM","A","2013",29652,
"HRV","PASSTRANSP","ROAD","MLN_PKM","A","2014",29705,
"HRV","PASSTRANSP","ROAD","MLN_PKM","A","2015",29770,
"HRV","PASSTRANSP","ROAD","MLN_PKM","A","2016",29983,
"HRV","PASSTRANSP","ROAD","MLN_PKM","A","2017",30339,
"HRV","PASSTRANSP","ROAD","MLN_PKM","A","2018",29437,
"HRV","PASSTRANSP","ROAD","MLN_PKM","A","2019",29394,
"HRV","PASSTRANSP","ROAD","MLN_PKM","A","2020",22291,
"HRV","PASSTRANSP","ROAD","MLN_PKM","A","2021",25529,
"NZL","PASSTRANSP","ROAD","MLN_PKM","A","1998",42976.11,
"NZL","PASSTRANSP","ROAD","MLN_PKM","A","2005",48622.88,
"NZL","PASSTRANSP","ROAD","MLN_PKM","A","2006",48507.64,
"NZL","PASSTRANSP","ROAD","MLN_PKM","A","2007",48367.23,
"NZL","PASSTRANSP","ROAD","MLN_PKM","A","2008",48817.44,
"NZL","PASSTRANSP","ROAD","MLN_PKM","A","2009",48028.54,
"NZL","PASSTRANSP","ROAD","MLN_PKM","A","2010",46994.78,
"NZL","PASSTRANSP","ROAD","MLN_PKM","A","2011",47782.34,
"NZL","PASSTRANSP","ROAD","MLN_PKM","A","2012",47903.12,
"NZL","PASSTRANSP","ROAD","MLN_PKM","A","2013",48988.48,
"NZL","PASSTRANSP","ROAD","MLN_PKM","A","2017",47652.988000046,"B"
"NZL","PASSTRANSP","ROAD","MLN_PKM","A","2018",50043.464372811,
"NZL","PASSTRANSP","ROAD","MLN_PKM","A","2019",51118.94428099,
"NZL","PASSTRANSP","ROAD","MLN_PKM","A","2020",54630.008565368,"P"
"RUS","PASSTRANSP","ROAD","MLN_PKM","A","1998",171912,
"RUS","PASSTRANSP","ROAD","MLN_PKM","A","1999",172113,
"RUS","PASSTRANSP","ROAD","MLN_PKM","A","2000",173596,
"RUS","PASSTRANSP","ROAD","MLN_PKM","A","2001",171916,
"RUS","PASSTRANSP","ROAD","MLN_PKM","A","2002",170435,
"RUS","PASSTRANSP","ROAD","MLN_PKM","A","2003",165795,
"RUS","PASSTRANSP","ROAD","MLN_PKM","A","2004",168462,
"RUS","PASSTRANSP","ROAD","MLN_PKM","A","2005",142007,
"RUS","PASSTRANSP","ROAD","MLN_PKM","A","2006",135711,
"RUS","PASSTRANSP","ROAD","MLN_PKM","A","2007",149674,
"RUS","PASSTRANSP","ROAD","MLN_PKM","A","2008",151897,
"RUS","PASSTRANSP","ROAD","MLN_PKM","A","2009",141300,
"RUS","PASSTRANSP","ROAD","MLN_PKM","A","2010",140628,"B"
"RUS","PASSTRANSP","ROAD","MLN_PKM","A","2011",138567,
"RUS","PASSTRANSP","ROAD","MLN_PKM","A","2012",133306,
"RUS","PASSTRANSP","ROAD","MLN_PKM","A","2013",126379,
"RUS","PASSTRANSP","ROAD","MLN_PKM","A","2014",127353,
"RUS","PASSTRANSP","ROAD","MLN_PKM","A","2015",126622,
"RUS","PASSTRANSP","ROAD","MLN_PKM","A","2016",124427,
"RUS","PASSTRANSP","ROAD","MLN_PKM","A","2017",123442,
"RUS","PASSTRANSP","ROAD","MLN_PKM","A","2018",122539,
"RUS","PASSTRANSP","ROAD","MLN_PKM","A","2019",121942,
"RUS","PASSTRANSP","ROAD","MLN_PKM","A","2020",88220.2,
"MLT","PASSTRANSP","ROAD","MLN_PKM","A","2014",1939.6382437894,"P"
"MLT","PASSTRANSP","ROAD","MLN_PKM","A","2015",1953.8873719776,"P"
"MLT","PASSTRANSP","ROAD","MLN_PKM","A","2016",1968.1365001658,"P"
"MLT","PASSTRANSP","ROAD","MLN_PKM","A","2017",1982.385628354,"P"
"ARG","PASSTRANSP","ROAD","MLN_PKM","A","1998",24990.064917353,
"ARG","PASSTRANSP","ROAD","MLN_PKM","A","1999",26139.841151435,
"ARG","PASSTRANSP","ROAD","MLN_PKM","A","2000",25464.117582981,
"ARG","PASSTRANSP","ROAD","MLN_PKM","A","2001",25286.633953817,
"ARG","PASSTRANSP","ROAD","MLN_PKM","A","2002",24807.918815452,
"ARG","PASSTRANSP","ROAD","MLN_PKM","A","2003",28189.802854194,
"ARG","PASSTRANSP","ROAD","MLN_PKM","A","2004",30231.20386274,
"ARG","PASSTRANSP","ROAD","MLN_PKM","A","2005",32980.546529808,
"ARG","PASSTRANSP","ROAD","MLN_PKM","A","2006",36054.702001354,
"ARG","PASSTRANSP","ROAD","MLN_PKM","A","2007",36459.644967842,
"ARG","PASSTRANSP","ROAD","MLN_PKM","A","2008",37328.292253227,
"ARG","PASSTRANSP","ROAD","MLN_PKM","A","2009",38027.884634981,
"ARG","PASSTRANSP","ROAD","MLN_PKM","A","2010",43970.071924153,
"ARG","PASSTRANSP","ROAD","MLN_PKM","A","2011",43220.012559096,
"ARG","PASSTRANSP","ROAD","MLN_PKM","A","2012",44054.443650011,
"ARG","PASSTRANSP","ROAD","MLN_PKM","A","2013",42920.528858953,
"ARG","PASSTRANSP","ROAD","MLN_PKM","A","2014",43361.325634848,
"ARG","PASSTRANSP","ROAD","MLN_PKM","A","2015",44538.459082498,
"ARG","PASSTRANSP","ROAD","MLN_PKM","A","2016",46838.665001874,
"ARG","PASSTRANSP","ROAD","MLN_PKM","A","2017",48784.351366258,
"KAZ","PASSTRANSP","ROAD","MLN_PKM","A","2007",104434.5,
"KAZ","PASSTRANSP","ROAD","MLN_PKM","A","2008",107297.8,
"KAZ","PASSTRANSP","ROAD","MLN_PKM","A","2009",110630.6,
"KAZ","PASSTRANSP","ROAD","MLN_PKM","A","2010",126145.2,
"KAZ","PASSTRANSP","ROAD","MLN_PKM","A","2011",163981.7,
"KAZ","PASSTRANSP","ROAD","MLN_PKM","A","2012",183385,
"KAZ","PASSTRANSP","ROAD","MLN_PKM","A","2013",203428.7,
"KAZ","PASSTRANSP","ROAD","MLN_PKM","A","2014",215238.5,
"KAZ","PASSTRANSP","ROAD","MLN_PKM","A","2015",221237.5,
"KAZ","PASSTRANSP","ROAD","MLN_PKM","A","2016",235716,
"KAZ","PASSTRANSP","ROAD","MLN_PKM","A","2017",240485.2,
"KAZ","PASSTRANSP","ROAD","MLN_PKM","A","2018",246812.6,
"KAZ","PASSTRANSP","ROAD","MLN_PKM","A","2019",260580.8,
"KAZ","PASSTRANSP","ROAD","MLN_PKM","A","2020",91298.4,
"UZB","PASSTRANSP","ROAD","MLN_PKM","A","1998",22025.9,
"UZB","PASSTRANSP","ROAD","MLN_PKM","A","1999",22434.1,
"UZB","PASSTRANSP","ROAD","MLN_PKM","A","2000",23300,
"UZB","PASSTRANSP","ROAD","MLN_PKM","A","2001",24300,
"UZB","PASSTRANSP","ROAD","MLN_PKM","A","2002",25800,
"UZB","PASSTRANSP","ROAD","MLN_PKM","A","2003",29000,
"UZB","PASSTRANSP","ROAD","MLN_PKM","A","2004",32500,
"UZB","PASSTRANSP","ROAD","MLN_PKM","A","2005",38600,
"UZB","PASSTRANSP","ROAD","MLN_PKM","A","2006",42200,
"UZB","PASSTRANSP","ROAD","MLN_PKM","A","2007",48400,
"UZB","PASSTRANSP","ROAD","MLN_PKM","A","2008",55900,
"UZB","PASSTRANSP","ROAD","MLN_PKM","A","2009",62121,
"UZB","PASSTRANSP","ROAD","MLN_PKM","A","2010",74512.091851514,
"UZB","PASSTRANSP","ROAD","MLN_PKM","A","2011",82544.148303156,
"UZB","PASSTRANSP","ROAD","MLN_PKM","A","2012",89326.44744633,
"UZB","PASSTRANSP","ROAD","MLN_PKM","A","2013",95469.328930278,
"UZB","PASSTRANSP","ROAD","MLN_PKM","A","2014",101862.99643145,
"UZB","PASSTRANSP","ROAD","MLN_PKM","A","2015",109112.93652923,
"UZB","PASSTRANSP","ROAD","MLN_PKM","A","2016",114910.2671,
"UZB","PASSTRANSP","ROAD","MLN_PKM","A","2017",117659.567,
"UZB","PASSTRANSP","ROAD","MLN_PKM","A","2018",121599.4893,
"UZB","PASSTRANSP","ROAD","MLN_PKM","A","2019",124141.2,
"UZB","PASSTRANSP","ROAD","MLN_PKM","A","2020",113200,
